participant_id,coverage_icbm152,coverage_superior_cerebrum,coverage_inferior_cerebrum,coverage_cerebellum_and_midbrain
sub-001,99.693,99.343,99.953,99.573
sub-002,91.419,99.958,99.884,83.025
sub-003,84.955,74.029,99.824,99.879
sub-004,99.335,99.88,100.0,98.497
sub-005,92.769,99.554,99.41,86.495
sub-006,97.712,99.866,100.0,94.881
sub-007,98.621,99.985,99.829,97.004
sub-008,93.487,98.741,97.835,82.989
sub-009,91.998,97.903,83.604,99.978
sub-010,99.718,99.397,99.931,99.998
sub-011,97.769,99.947,99.989,95.36
sub-012,97.384,95.469,99.767,96.471
sub-013,99.851,99.688,99.918,99.813
sub-014,91.519,99.971,99.98,80.504
sub-015,92.271,98.966,85.572,96.544
sub-016,92.327,99.915,99.914,86.087
sub-017,,,,
sub-018,97.915,95.113,99.83,96.466
sub-019,94.892,90.777,99.807,99.92
sub-020,98.549,99.991,96.746,95.987
sub-021,99.916,99.999,99.979,99.838
sub-022,97.436,99.95,99.593,94.805
sub-023,97.45,99.612,94.968,99.948
sub-024,98.747,99.949,96.871,96.862
sub-025,91.178,99.805,99.787,79.57
sub-026,99.757,99.454,99.999,99.854
sub-027,99.913,99.904,99.786,99.933
sub-028,99.881,99.945,99.689,99.995
sub-029,99.69,99.301,99.547,99.912
sub-030,97.298,99.993,98.035,92.618
sub-031,94.441,99.682,,85.964
sub-032,95.669,99.8,92.268,90.348
sub-033,99.72,99.979,99.219,99.931
sub-034,98.932,97.611,99.863,99.552
sub-035,93.882,99.678,98.215,89.751
sub-036,99.512,99.981,99.692,99.101
sub-037,97.915,99.949,95.351,99.248
sub-038,99.747,99.885,99.475,99.779
sub-039,96.101,99.879,99.925,89.848
sub-040,94.554,98.464,90.591,94.064
